,FAR,FRR,Acc,ECE
Rules,0.6518232229877332,0.0,0.6121,0.32656499999999994
Factored,0.02453369181650143,0.25006174364040507,0.88415,0.22559977994194091
Monotone,0.005125189043858175,0.009385033341565818,0.99315,0.004714988564683731
Full MLP,0.005293228028902705,0.009508520622375895,0.993,0.00531150466755095
