,FAR,FRR,Acc,ECE,threshold
Rules,0.673500188655515,0.010042327164080007,0.7262,0.17076987562331067,0.1985197101287933
Factored,0.42170796126273424,0.010042327164080007,0.8263,0.23143189296033967,0.860042750585395
Monotone,0.0026411772104137842,0.010042327164080007,0.9929,0.005892033428696051,0.08983289232218002
Full MLP,0.002515406867060747,0.010042327164080007,0.99295,0.005582139433130681,0.016810811712281524
